0,1,2,3,4,5,6,7,8,9
41.01842498779297,59.45050048828125,295755.0,53.660499572753906,123.59986114501953,181.4199981689453,81.16849517822266,49.36196517944336,64.10600280761719,206.8348846435547
41.01127624511719,60.209999084472656,299905.0,54.57600021362305,124.78054809570312,184.6699981689453,81.54623413085938,52.610652923583984,63.45000076293945,209.0045623779297
41.201778411865234,60.47949981689453,300516.0,54.78799819946289,124.77168273925781,184.3300018310547,82.26396179199219,52.88798522949219,62.92399978637695,209.91172790527344
41.67087936401367,61.457000732421875,301525.0,55.51449966430664,125.80142974853516,186.85000610351562,83.28387451171875,53.33616638183594,63.316001892089844,213.91448974609375
41.51609420776367,62.34349822998047,304180.0,55.71049880981445,125.96121215820312,188.27999877929688,83.3688735961914,54.97041702270508,67.28199768066406,210.20166015625
41.511329650878906,62.6349983215332,304500.0,55.63949966430664,127.95866394042969,187.8699951171875,83.31220245361328,54.955570220947266,66.73799896240234,211.24911499023438
41.50181198120117,62.71649932861328,308350.0,55.50699996948242,127.80774688720703,187.83999633789062,82.93446350097656,55.38641357421875,66.95999908447266,209.6779327392578
41.737552642822266,63.83399963378906,309950.0,55.602500915527344,128.53570556640625,187.77000427246094,83.17998504638672,55.48545455932617,67.58999633789062,210.79086303710938
42.168540954589844,65.26000213623047,315225.0,56.532501220703125,129.3968048095703,179.3699951171875,84.6154556274414,55.213077545166016,67.24400329589844,213.830322265625
41.95423889160156,65.24299621582031,315261.0,56.53499984741211,130.3733367919922,178.38999938964844,83.43498229980469,54.5024299621582,68.01200103759766,217.8143768310547
42.64716339111328,64.75,321469.0,56.95500183105469,130.47982788085938,177.60000610351562,85.12541198730469,55.64392852783203,69.43199920654297,222.98623657226562
42.68526077270508,64.66600036621094,320000.0,56.798500061035156,130.42657470703125,179.8000030517578,85.08763885498047,55.57460403442383,68.91400146484375,227.40982055664062
42.49477005004883,64.72899627685547,320238.0,57.17499923706055,130.81715393066406,181.2899932861328,84.99319458007812,56.97858428955078,70.00399780273438,227.58755493164062
42.147098541259766,66.3655014038086,324064.0,58.20800018310547,131.50962829589844,185.3699951171875,86.51361846923828,57.86503601074219,70.31199645996094,227.783935546875
42.156639099121094,68.12699890136719,322885.0,58.80849838256836,125.90792846679688,189.35000610351562,86.78750610351562,59.15758514404297,70.55799865722656,229.32708740234375
41.485145568847656,67.87550354003906,323480.0,58.56449890136719,126.12104797363281,186.5500030517578,86.71195220947266,58.38751220703125,69.1780014038086,228.99037170410156
40.74459457397461,68.89749908447266,322850.0,59.106998443603516,128.18946838378906,187.47999572753906,87.19356536865234,58.5236930847168,67.52799987792969,229.29898071289062
40.83983612060547,70.10250091552734,325915.0,59.37799835205078,129.01507568359375,190.0,88.82733154296875,60.25203323364258,68.56999969482422,232.37591552734375
39.99452590942383,70.88400268554688,323500.0,59.32400131225586,127.55032348632812,185.97999572753906,88.69512176513672,61.12364196777344,69.90599822998047,231.3845672607422
39.7587776184082,71.89099884033203,323000.0,58.868499755859375,126.44059753417969,187.1199951171875,87.58076477050781,60.10099792480469,69.16400146484375,221.321533203125
39.86831283569336,72.54450225830078,323375.0,59.111000061035156,122.67662811279297,186.88999938964844,89.72447967529297,60.8636589050293,70.86199951171875,221.44313049316406
39.951656341552734,69.5,325900.0,59.079498291015625,124.30117797851562,193.08999633789062,89.01618194580078,59.551300048828125,69.8499984741211,219.98414611816406
38.21814727783203,71.49749755859375,314340.0,55.959999084472656,122.22383880615234,190.27999877929688,86.6741714477539,57.82294464111328,68.75,216.8604736328125
37.26328659057617,69.5,295600.0,53.11949920654297,115.75224304199219,181.25999450683594,83.10444641113281,52.91522979736328,66.6259994506836,205.76870727539062
38.820587158203125,72.14199829101562,303000.0,54.221500396728516,117.03057861328125,185.30999755859375,86.24918365478516,55.85688400268555,66.79399871826172,210.5944366455078
37.98955535888672,70.83899688720703,301000.0,52.77050018310547,116.66661834716797,180.17999267578125,84.62488555908203,56.65420150756836,69.0,211.19300842285156
36.9442138671875,67.5250015258789,288000.0,50.385501861572266,112.1746597290039,171.5800018310547,80.28079986572266,53.86111068725586,63.04600143432617,202.4392852783203
37.39609146118164,66.9800033569336,294140.0,52.313499450683594,114.98880004882812,176.11000061035156,83.2744369506836,57.46637725830078,62.08399963378906,206.6478271484375
38.9023551940918,69.3115005493164,298940.0,52.72800064086914,115.64574432373047,176.41000366210938,84.17158508300781,56.463539123535156,63.145999908447266,211.07144165039062
39.29206466674805,70.72550201416016,297500.0,52.707000732421875,115.37053680419922,173.14999389648438,84.8326416015625,57.602569580078125,64.73200225830078,211.95989990234375
40.016517639160156,72.55249786376953,301005.0,53.6349983215332,115.11306762695312,179.52000427246094,86.16095733642578,59.779090881347656,64.46199798583984,213.96127319335938
41.360206604003906,73.08799743652344,305999.0,54.56800079345703,116.49793243408203,179.9600067138672,87.916259765625,61.03697967529297,66.81400299072266,211.38006591796875
41.226314544677734,72.43450164794922,306000.0,54.775001525878906,118.20240783691406,177.36000061035156,87.29005432128906,60.378318786621094,67.0979995727539,214.51307678222656
41.08762741088867,73.4175033569336,304904.0,55.179500579833984,116.17835235595703,176.00999450683594,87.97317504882812,61.67582702636719,66.9540023803711,211.97860717773438
40.90114974975586,74.14600372314453,301530.0,55.6875,115.3261489868164,177.91000366210938,86.80616760253906,59.80138397216797,66.66000366210938,210.54771423339844
41.243045806884766,74.26699829101562,301404.0,55.494998931884766,115.3261489868164,178.99000549316406,87.03387451171875,59.99711990356445,69.23400115966797,212.3807373046875
41.9603157043457,75.0,304020.0,56.40449905395508,117.19925689697266,183.2899932861328,89.24459075927734,60.93368148803711,70.41000366210938,215.2519073486328
42.789955139160156,76.09750366210938,316126.0,57.185001373291016,117.99441528320312,184.92999267578125,90.53496551513672,61.094730377197266,71.48400115966797,218.8992919921875
42.65129089355469,75.5989990234375,314345.0,55.8754997253418,117.63704681396484,181.4600067138672,89.37741088867188,60.965904235839844,70.197998046875,217.4590606689453
42.58673095703125,75.62249755859375,310250.0,55.19599914550781,116.03781127929688,178.32000732421875,88.96943664550781,59.9599494934082,68.61199951171875,211.510986328125
41.84077453613281,74.67250061035156,302946.0,53.570499420166016,113.71492004394531,175.94000244140625,88.09654235839844,57.5343017578125,66.18599700927734,209.91172790527344
42.13008117675781,75.01249694824219,303100.0,54.207000732421875,115.0907974243164,176.6199951171875,88.28630828857422,58.60714340209961,67.02400207519531,210.60382080078125
42.275909423828125,76.18049621582031,304500.0,54.737998962402344,115.95741271972656,180.39999389648438,88.8460922241211,58.38662338256836,66.66999816894531,213.587158203125
42.24005126953125,76.88200378417969,307005.0,55.04499816894531,114.55472564697266,179.77999877929688,88.54247283935547,59.99960708618164,65.63999938964844,211.52969360351562
41.84794235229492,77.25,306756.0,55.75199890136719,115.28732299804688,183.7100067138672,89.05484008789062,59.92030334472656,66.45999908447266,212.54908752441406
42.30461120605469,77.59300231933594,307700.0,56.46900177001953,117.98548126220703,182.33999633789062,89.59564971923828,59.756778717041016,65.81999969482422,210.86947631835938
43.03144073486328,78.94450378417969,319600.0,58.04199981689453,119.54004669189453,185.22999572753906,91.59762573242188,60.78501892089844,65.43399810791016,211.5263214111328
43.44746017456055,79.91950225830078,317746.0,58.29650115966797,118.49475860595703,184.75999450683594,91.81584930419922,61.882633209228516,69.10199737548828,209.03036499023438
43.02904510498047,79.40899658203125,314039.0,56.99549865722656,120.03145599365234,181.8800048828125,89.57666778564453,61.37471389770508,68.36799621582031,212.94317626953125
42.663238525390625,79.55000305175781,310655.0,57.44449996948242,118.21776580810547,184.19000244140625,89.04533386230469,61.62991714477539,65.32599639892578,211.47940063476562
42.713443756103516,79.11599731445312,311601.0,57.53049850463867,118.87892150878906,183.86000061035156,89.35845184326172,61.77857208251953,65.12000274658203,215.32652282714844
42.562828063964844,78.58399963378906,310630.0,56.72100067138672,119.43281555175781,185.08999633789062,89.7569351196289,62.0610237121582,64.2699966430664,213.80641174316406
41.912498474121094,77.24649810791016,305980.0,55.003501892089844,116.35945892333984,172.55999755859375,88.13449096679688,59.712181091308594,62.71200180053711,211.16978454589844
41.89815139770508,79.32550048828125,307100.0,54.790000915527344,117.22608947753906,168.14999389648438,88.3622055053711,61.83803939819336,62.11000061035156,212.7930450439453
40.94895935058594,79.09300231933594,307600.0,54.70000076293945,117.20819854736328,169.38999938964844,87.74546813964844,61.58531188964844,63.305999755859375,209.07730102539062
40.37036895751953,77.24600219726562,296949.0,52.657501220703125,113.80426025390625,164.88999938964844,85.19319152832031,59.922794342041016,61.81999969482422,201.93663024902344
39.43552780151367,74.77799987792969,288755.0,51.32749938964844,111.76725769042969,159.38999938964844,82.71681213378906,57.72260284423828,60.30799865722656,199.44070434570312
41.30760955810547,77.79299926757812,299500.0,52.704498291015625,113.81317138671875,160.05999755859375,88.97892761230469,60.57442092895508,60.83599853515625,205.5585479736328
40.24842834472656,74.85250091552734,294650.0,50.34700012207031,113.6523666381836,152.22000122070312,84.88957214355469,55.87672805786133,55.83599853515625,204.5170135498047
39.80373001098633,71.57099914550781,295041.0,50.25899887084961,113.86681365966797,153.02999877929688,84.81366729736328,54.84353256225586,51.555999755859375,205.0237579345703
40.11454772949219,72.36699676513672,299100.0,51.856998443603516,114.49220275878906,159.7899932861328,86.59741973876953,57.38068389892578,53.22600173950195,200.80126953125
39.851539611816406,68.59950256347656,293410.0,50.631500244140625,111.28480529785156,155.38999938964844,83.98819732666016,54.76920700073242,50.49599838256836,203.8038787841797
40.26038360595703,69.60250091552734,296850.0,50.933998107910156,114.67088317871094,156.11000061035156,85.1172866821289,55.834617614746094,53.50600051879883,210.7287139892578
41.0302619934082,70.52850341796875,299850.0,51.48550033569336,116.51134490966797,155.10000610351562,87.60316467285156,56.05512619018555,57.38800048828125,214.67906188964844
41.314781188964844,72.5875015258789,301750.0,51.63199996948242,116.77937316894531,159.33999633789062,87.65059661865234,54.850975036621094,61.14400100708008,214.9418182373047
40.25799560546875,70.2614974975586,294000.0,50.497501373291016,114.44752502441406,157.1999969482422,85.61066436767578,53.084373474121094,59.86000061035156,210.14697265625
40.65727996826172,70.30400085449219,292671.0,51.00450134277344,115.68045806884766,157.92999267578125,86.12301635742188,53.371795654296875,57.93199920654297,208.9928436279297
41.42236328125,71.81099700927734,296556.0,51.82500076293945,116.36837768554688,165.0399932861328,88.12500762939453,56.468894958496094,60.939998626708984,212.8024444580078
41.22870635986328,71.35250091552734,293249.0,51.25299835205078,115.81448364257812,166.32000732421875,87.1572265625,56.05512619018555,60.18600082397461,208.21400451660156
41.635154724121094,72.42500305175781,297021.0,51.864498138427734,116.5291976928711,163.8699951171875,88.78917694091797,58.126461029052734,58.816001892089844,210.4097137451172
41.77621841430664,71.53949737548828,295891.0,51.801998138427734,116.69894409179688,164.52000427246094,88.31475830078125,57.3583869934082,60.06800079345703,210.44723510742188
42.03682327270508,72.07499694824219,297181.0,52.30500030517578,117.71745300292969,164.8300018310547,89.34894561767578,57.35591506958008,58.242000579833984,216.11471557617188
42.61542892456055,75.19149780273438,298701.0,53.96799850463867,116.6274642944336,168.66000366210938,91.15168762207031,58.85490798950195,57.53799819946289,223.83709716796875
42.51979064941406,76.39199829101562,299205.0,53.769500732421875,114.10801696777344,166.36000061035156,91.50275421142578,58.56501007080078,58.66999816894531,221.81973266601562
41.314781188964844,77.84549713134766,300300.0,54.47249984741211,113.9561538696289,168.10000610351562,91.18964385986328,56.74887466430664,60.01599884033203,221.21917724609375
39.622013092041016,76.37449645996094,300140.0,53.86600112915039,113.1610107421875,166.27999877929688,90.13646697998047,56.66710662841797,58.04800033569336,220.56234741210938
39.50724411010742,75.89299774169922,298821.0,53.69049835205078,113.3128662109375,165.83999633789062,90.46855926513672,55.47038650512695,56.67399978637695,219.8867645263672
38.95734786987305,73.00450134277344,295734.0,51.13199996948242,112.74109649658203,159.69000244140625,88.35272216796875,54.80636978149414,56.69200134277344,219.774169921875
39.12710189819336,73.00849914550781,295279.0,51.14950180053711,113.25033569335938,159.69000244140625,87.58419799804688,53.68149948120117,56.13800048828125,220.41221618652344
39.26337814331055,75.89800262451172,295769.0,52.16550064086914,114.36709594726562,174.16000366210938,89.43434143066406,55.80238723754883,57.09600067138672,222.41085815429688
38.809104919433594,78.63099670410156,295995.0,51.5724983215332,114.59941101074219,173.58999633789062,90.91450500488281,56.077423095703125,58.816001892089844,225.36656188964844
39.51202392578125,78.30650329589844,290650.0,50.92900085449219,113.00910949707031,172.0,88.73223114013672,55.72311019897461,58.779998779296875,221.81973266601562
40.430145263671875,79.11299896240234,292730.0,52.037498474121094,112.58026123046875,173.86000061035156,90.13646697998047,56.27811813354492,59.98400115966797,222.2419891357422
42.216148376464844,78.48400115966797,290450.0,51.3025016784668,110.33777618408203,176.07000732421875,88.72274780273438,56.07246780395508,60.22999954223633,219.06106567382812
42.29264831542969,78.60399627685547,287051.0,51.314998626708984,109.91787719726562,174.02000427246094,89.25408172607422,57.72755432128906,56.88999938964844,219.70846557617188
43.951934814453125,79.04750061035156,292600.0,52.54999923706055,110.9542236328125,176.61000061035156,90.28827667236328,59.23151779174805,58.81800079345703,221.3505096435547
44.269927978515625,80.00700378417969,295600.0,52.972999572753906,110.41817474365234,177.97000122070312,91.29400634765625,61.615047454833984,60.55400085449219,219.361328125
44.48271942138672,79.61949920654297,295700.0,52.929500579833984,109.54263305664062,178.9199981689453,90.90499114990234,62.04121398925781,60.39400100708008,217.71923828125
44.795928955078125,80.4000015258789,299991.0,54.4474983215332,110.34671020507812,182.66000366210938,91.9771499633789,63.374202728271484,61.369998931884766,215.07318115234375
45.43668746948242,80.4540023803711,301630.0,55.27349853515625,111.9906234741211,185.52999877929688,92.89747619628906,64.45198822021484,61.00400161743164,219.29562377929688
45.263877868652344,80.14550018310547,298770.0,55.16899871826172,113.67918395996094,186.99000549316406,92.6982421875,63.06448745727539,60.21200180053711,223.58377075195312
45.15827178955078,80.0770034790039,298200.0,55.33000183105469,112.62494659423828,186.63999938964844,93.0113296508789,63.270137786865234,58.39400100708008,227.91880798339844
44.74785232543945,78.80599975585938,296200.0,54.243499755859375,111.79405975341797,184.32000732421875,92.33767700195312,60.84200668334961,56.83599853515625,224.72854614257812
45.165470123291016,79.36399841308594,296300.0,54.204498291015625,111.9906234741211,183.1999969482422,92.57592010498047,60.9535026550293,57.29600143432617,226.8115997314453
44.879859924316406,79.08799743652344,296440.0,54.0629997253418,110.65047454833984,183.75999450683594,91.6515884399414,61.37471389770508,56.90800094604492,227.97512817382812
44.7166633605957,78.71849822998047,294380.0,53.481998443603516,110.99890899658203,182.67999267578125,91.8231201171875,60.9361572265625,55.36399841308594,229.55149841308594
45.03346633911133,79.27300262451172,296620.0,54.20050048828125,110.53433227539062,184.49000549316406,93.00475311279297,60.51496124267578,56.89799880981445,232.61044311523438
44.92066192626953,79.06999969482422,296991.0,53.765499114990234,109.81066131591797,183.8000030517578,92.9094467163086,60.133384704589844,55.00199890136719,230.05816650390625
45.20867919921875,80.09300231933594,294400.0,54.29800033569336,110.2930908203125,186.89999389648438,94.01483917236328,61.37051010131836,55.81399917602539,229.19496154785156
45.15827178955078,80.15350341796875,291850.0,54.272499084472656,109.22099304199219,185.92999267578125,93.6812973022461,61.4077033996582,55.56999969482422,227.75929260253906
45.261474609375,80.50749969482422,290886.0,54.20399856567383,109.32899475097656,184.9199981689453,93.72895812988281,61.80190658569336,55.77000045776367,229.84239196777344
45.09827423095703,80.64350128173828,286000.0,53.403499603271484,107.46589660644531,185.74000549316406,93.39541625976562,61.63084030151367,56.75199890136719,227.23382568359375
45.00226593017578,81.24449920654297,292000.0,53.87350082397461,108.87896728515625,187.6699981689453,94.29116821289062,62.72169876098633,58.34400177001953,229.8330078125
44.85105514526367,81.48100280761719,287200.0,55.0,107.66392517089844,191.77999877929688,94.18636322021484,62.523345947265625,56.94599914550781,226.61451721191406
45.65990447998047,82.0770034790039,289200.0,56.75,109.1399917602539,193.99000549316406,96.04454803466797,63.86956024169922,58.36399841308594,228.34107971191406
46.04152297973633,83.26349639892578,288000.0,57.652000427246094,109.76102447509766,193.27999877929688,96.88311004638672,65.66204833984375,59.347999572753906,229.54208374023438
46.39673614501953,84.81749725341797,286700.0,57.55099868774414,109.3380126953125,192.94000244140625,97.37860870361328,65.7165756225586,58.22600173950195,229.3544464111328
46.55754852294922,84.7874984741211,290722.0,57.34749984741211,110.51705932617188,191.33999633789062,97.66449737548828,65.73641967773438,63.900001525878906,233.31417846679688
46.432735443115234,84.46499633789062,292900.0,56.72100067138672,111.00308990478516,188.17999267578125,96.13031768798828,65.1785888671875,63.21799850463867,233.62384033203125
46.01031494140625,84.19950103759766,294055.0,56.635501861572266,111.66012573242188,189.10000610351562,96.84497833251953,65.0248794555664,63.53200149536133,235.21896362304688
45.89751434326172,84.45600128173828,292770.0,57.04499816894531,110.40005493164062,191.5399932861328,96.29232025146484,64.61333465576172,66.41999816894531,238.1278076171875
46.14951705932617,84.9375,293005.0,57.40950012207031,110.29206085205078,192.39999389648438,96.54006958007812,65.09925842285156,68.55400085449219,237.94012451171875
45.77029800415039,85.24299621582031,292769.0,57.21149826049805,110.37305450439453,192.41000366210938,96.10171508789062,65.05461883544922,68.95600128173828,237.27391052246094
45.79430389404297,86.19300079345703,289670.0,58.00550079345703,110.175048828125,196.80999755859375,96.6448745727539,66.17276000976562,71.54399871826172,239.5821990966797
45.323883056640625,85.79850006103516,287626.0,57.9635009765625,110.35505676269531,195.85000610351562,95.41561889648438,65.76367950439453,71.63400268554688,241.041748046875
45.299888610839844,86.18949890136719,287600.0,59.17900085449219,109.1939926147461,198.30999755859375,96.11125183105469,65.72154998779297,74.16600036621094,239.99652099609375
44.567848205566406,86.73899841308594,286700.0,58.93450164794922,110.31905364990234,197.49000549316406,96.11125183105469,64.50177764892578,70.51000213623047,238.25450134277344
44.76224899291992,87.50399780273438,285000.0,59.20349884033203,109.84203338623047,202.0,97.07369995117188,65.03230285644531,72.44400024414062,238.05670166015625
44.51264190673828,86.51100158691406,285000.0,58.47200012207031,109.31099700927734,201.5,96.37808227539062,63.74312973022461,69.50199890136719,237.19039916992188
44.38302993774414,85.78350067138672,286541.0,58.464500427246094,110.56204986572266,201.74000549316406,95.68244934082031,62.2159309387207,66.72599792480469,239.52566528320312
43.72300720214844,83.15750122070312,284640.0,56.9640007019043,110.33706665039062,196.35000610351562,93.7575454711914,59.28302764892578,66.60199737548828,236.0792694091797
44.26542663574219,84.55449676513672,284500.0,56.63100051879883,110.12104034423828,199.0,94.41505432128906,59.99456024169922,68.4000015258789,235.1941375732422
44.200626373291016,83.02549743652344,281600.0,55.84700012207031,109.45500946044922,195.83999633789062,92.94756317138672,58.44008255004883,68.9000015258789,233.68748474121094
44.52223587036133,85.07250213623047,284920.0,56.3390007019043,109.80602264404297,196.22999572753906,93.9862289428711,59.71440505981445,69.98600006103516,230.6083221435547
44.42863845825195,84.98999786376953,282040.0,56.45949935913086,109.2120132446289,194.32000732421875,93.9671859741211,58.732627868652344,68.58999633789062,231.0226593017578
44.92546081542969,85.68900299072266,283800.0,57.105499267578125,109.4280014038086,197.36000061035156,95.30126953125,60.056541442871094,67.01399993896484,233.0377197265625
44.14301681518555,84.697998046875,282000.0,55.81399917602539,110.4450454711914,192.72999572753906,94.38646697998047,58.71775436401367,62.172000885009766,232.5669403076172
44.49824142456055,84.98650360107422,283635.0,57.06449890136719,112.50617980957031,198.4499969482422,95.06303405761719,60.17801284790039,61.832000732421875,235.88150024414062
45.11506652832031,85.53150177001953,283700.0,57.75400161743164,113.18121337890625,203.22999572753906,96.39713287353516,61.31845474243164,61.779998779296875,236.1263427734375
45.74150085449219,86.95099639892578,286720.0,58.36399841308594,113.45124053955078,204.74000549316406,97.05462646484375,61.794464111328125,63.70199966430664,238.8665313720703
45.68629837036133,87.15350341796875,286385.0,58.356998443603516,114.64827728271484,203.5399932861328,97.31193542480469,62.786155700683594,64.49400329589844,240.62741088867188
45.09345626831055,87.75,288481.0,58.573001861572266,113.62223815917969,202.5399932861328,97.17852783203125,61.3680419921875,63.79199981689453,239.73284912109375
45.84950637817383,89.83100128173828,288000.0,60.0629997253418,114.99031829833984,206.9199981689453,99.28446960449219,62.28535461425781,63.34199905395508,241.1076202392578
45.921512603759766,90.65149688720703,290000.0,60.22100067138672,113.34322357177734,207.32000732421875,100.46607208251953,61.81182098388672,63.77399826049805,243.60302734375
45.82070541381836,91.12449645996094,289000.0,59.82550048828125,112.2271728515625,207.22999572753906,99.97057342529297,61.53413772583008,62.02000045776367,241.98342895507812
45.950313568115234,92.19650268554688,288500.0,60.65399932861328,116.20538330078125,209.99000549316406,100.96158599853516,62.895233154296875,64.53800201416016,235.6837615966797
45.698299407958984,92.14600372314453,303210.0,60.64550018310547,115.02632141113281,209.36000061035156,100.17070007324219,62.401878356933594,64.7699966430664,240.51438903808594
46.05351257324219,90.64849853515625,299000.0,59.95500183105469,113.35222625732422,208.08999633789062,99.48457336425781,62.48368835449219,64.0459976196289,238.16973876953125
45.94791793823242,90.68499755859375,299380.0,59.89400100708008,113.2712173461914,209.94000244140625,101.26651763916016,62.20105743408203,62.715999603271484,237.9531707763672
45.988712310791016,90.0999984741211,300230.0,60.54999923706055,113.9732437133789,210.91000366210938,102.8864974975586,61.83413314819336,60.63999938964844,237.99081420898438
46.322330474853516,91.46199798583984,300400.0,62.907501220703125,116.43040466308594,214.6699981689453,102.59107971191406,61.660587310791016,59.486000061035156,238.95127868652344
46.759159088134766,93.18049621582031,299816.0,63.797000885009766,115.76436614990234,217.5,105.61182403564453,62.44402313232422,61.74800109863281,239.98709106445312
46.61274719238281,90.4000015258789,300501.0,64.2750015258789,117.25843811035156,176.25999450683594,104.45880126953125,63.18034362792969,61.33000183105469,242.00221252441406
45.837501525878906,90.8635025024414,302000.0,62.644500732421875,118.4015121459961,174.88999938964844,102.61014556884766,62.4812126159668,59.43600082397461,241.0135040283203
45.5806884765625,88.96099853515625,303432.0,61.50199890136719,118.95954132080078,171.05999755859375,100.4089126586914,60.52510452270508,58.034000396728516,239.02659606933594
45.67190170288086,88.87200164794922,301550.0,61.361000061035156,119.27454376220703,172.5800018310547,101.08547973632812,60.70608901977539,59.62799835205078,238.4427947998047
48.36243438720703,89.8584976196289,301200.0,61.64950180053711,119.38255310058594,171.64999389648438,101.27606964111328,61.10524368286133,60.167999267578125,238.5840301513672
49.77610397338867,91.71649932861328,301160.0,62.05649948120117,118.1314697265625,176.3699951171875,102.50531768798828,62.13412094116211,69.90799713134766,241.13587951660156
49.92011260986328,91.16449737548828,304671.0,61.90800094604492,118.76148223876953,177.77999877929688,102.95317840576172,62.501041412353516,69.63400268554688,242.2093963623047
50.17933654785156,92.38749694824219,311806.0,61.88349914550781,118.82452392578125,185.69000244140625,103.03897094726562,62.97953796386719,68.39800262451172,241.77621459960938
49.70890426635742,93.1240005493164,315600.0,62.79199981689453,118.32051086425781,183.80999755859375,103.75361633300781,63.70347595214844,75.91400146484375,242.61427307128906
49.74250030517578,94.32599639892578,315300.0,63.06650161743164,118.05947875976562,185.17999267578125,104.33492279052734,64.06790161132812,74.06800079345703,243.70657348632812
50.133731842041016,94.9260025024414,315100.0,63.222999572753906,118.08647918701172,183.08999633789062,104.50646209716797,63.58198547363281,70.48999786376953,246.3243408203125
49.98439407348633,94.31500244140625,312000.0,62.6254997253418,117.68143463134766,180.25999450683594,103.86798858642578,63.16795349121094,71.0979995727539,245.16610717773438
50.30713653564453,94.80999755859375,310230.0,62.43199920654297,117.2044448852539,180.0500030517578,103.11518096923828,63.49768829345703,71.28199768066406,245.68405151367188
50.51909637451172,95.98249816894531,310815.0,62.90700149536133,116.556396484375,181.11000061035156,104.40162658691406,64.81415557861328,69.52799987792969,248.1040496826172
50.63711166381836,94.13099670410156,309050.0,61.611000061035156,117.3934326171875,179.52999877929688,102.98587799072266,64.23152923583984,67.73799896240234,245.4015655517578
51.378944396972656,94.32599639892578,313000.0,61.202999114990234,119.23855590820312,174.6999969482422,102.96675109863281,63.82494354248047,67.08999633789062,247.7462158203125
52.40497970581055,94.11100006103516,313465.0,60.79249954223633,121.02965545654297,173.8000030517578,102.90937805175781,60.696170806884766,61.099998474121094,247.02117919921875
51.89437484741211,93.83550262451172,314060.0,61.09749984741211,123.19876861572266,172.5,102.23018646240234,61.44489288330078,61.6879997253418,247.0871124267578
51.7932014465332,94.1709976196289,313725.0,60.87049865722656,121.82172393798828,172.6199951171875,101.37882995605469,62.80350112915039,64.37999725341797,246.4185028076172
51.79561996459961,95.24500274658203,312400.0,61.087501525878906,121.1556396484375,173.63999938964844,102.41192626953125,65.15876007080078,64.3280029296875,245.52394104003906
51.90159225463867,95.1449966430664,311983.0,61.05799865722656,121.60565948486328,172.89999389648438,102.89022827148438,66.1553955078125,64.0199966430664,246.16429138183594
52.06296157836914,95.26950073242188,312850.0,61.837501525878906,122.36173248291016,174.64999389648438,103.69374084472656,67.48922729492188,64.56400299072266,248.8573760986328
52.4916877746582,96.38400268554688,316200.0,62.813499450683594,122.24394989013672,177.4600067138672,104.84164428710938,68.40157318115234,63.854000091552734,251.493896484375
52.915584564208984,96.64099884033203,317124.0,62.292999267578125,121.70030975341797,176.25999450683594,105.47300720214844,68.02473449707031,62.37200164794922,252.8405303955078
53.70558166503906,99.90499877929688,317505.0,63.23249816894531,122.1895751953125,175.89999389648438,107.1565933227539,69.0814437866211,61.00199890136719,253.30197143554688
54.199337005615234,100.11900329589844,317000.0,62.72200012207031,122.2711410522461,177.63999938964844,107.08963775634766,68.91279602050781,60.630001068115234,252.7274932861328
54.82555389404297,100.635498046875,315800.0,61.59000015258789,122.03551483154297,175.72999572753906,107.4531478881836,69.62470245361328,60.332000732421875,252.79344177246094
55.00138473510742,101.97550201416016,317250.0,60.56549835205078,121.15666961669922,171.16000366210938,106.86005401611328,70.37383270263672,57.790000915527344,252.8405303955078
54.64250564575195,99.74099731445312,319920.0,59.95500183105469,123.09561920166016,167.17999267578125,103.77986145019531,69.0641098022461,56.14799880981445,252.0212860107422
53.73448944091797,97.91549682617188,320035.0,59.199501037597656,124.0107192993164,162.52999877929688,104.01899719238281,67.65016174316406,56.189998626708984,254.7706756591797
53.30095291137695,97.60350036621094,321700.0,58.87950134277344,124.41845703125,163.0399932861328,103.51200103759766,67.43682861328125,52.64799880981445,253.47628784179688
52.58561706542969,96.95050048828125,322560.0,58.75299835205078,124.31875610351562,164.17999267578125,104.63119506835938,68.14876556396484,57.099998474121094,245.3981170654297
53.915130615234375,99.35749816894531,323242.0,59.4995002746582,125.49662780761719,165.94000244140625,106.41046142578125,67.67001342773438,55.88800048828125,246.63580322265625
53.24556350708008,99.5,322340.0,58.58000183105469,126.26676940917969,162.0,106.86005401611328,66.52896118164062,58.108001708984375,248.17588806152344
54.531715393066406,99.49349975585938,321575.0,59.106998443603516,126.74697875976562,161.36000061035156,108.00794982910156,67.30785369873047,57.891998291015625,250.84024047851562
53.912715911865234,98.5094985961914,324999.0,58.89899826049805,126.38458251953125,162.32000732421875,108.44798278808594,68.5704574584961,59.040000915527344,250.670166015625
52.477237701416016,95.40149688720703,324575.0,57.99150085449219,126.81041717529297,160.5800018310547,107.27139282226562,67.95033264160156,58.96799850463867,249.30960083007812
52.56393814086914,97.05249786376953,327436.0,58.355499267578125,127.33589935302734,160.3000030517578,108.29492950439453,67.22846221923828,56.992000579833984,248.76170349121094
52.595252990722656,96.32099914550781,332000.0,58.7135009765625,127.26347351074219,163.05999755859375,106.85049438476562,67.46662902832031,59.80400085449219,250.6890411376953
52.99507522583008,97.21499633789062,333415.0,59.57849884033203,128.64060974121094,166.02000427246094,108.6393051147461,66.05268096923828,59.66600036621094,251.6905975341797
52.42424392700195,95.75050354003906,331336.0,58.60599899291992,129.45606994628906,162.92999267578125,109.29934692382812,65.35066986083984,59.81999969482422,251.9551544189453
53.178123474121094,96.71800231933594,327840.0,58.97800064086914,127.27249908447266,165.41000366210938,109.69154357910156,65.9088134765625,59.93600082397461,252.60704040527344
53.51531982421875,98.72750091552734,328500.0,59.69449996948242,125.61444091796875,164.91000366210938,109.48109436035156,66.58103942871094,60.198001861572266,248.96949768066406
53.0890007019043,98.74250030517578,324286.0,59.702999114990234,125.1795425415039,166.9499969482422,109.03150177001953,66.21144104003906,61.91600036621094,248.4026336669922
54.18006134033203,100.64900207519531,324731.0,60.36800003051758,125.23389434814453,168.83999633789062,109.44283294677734,66.33049774169922,61.50400161743164,250.046630859375
54.37034225463867,100.1500015258789,320000.0,60.354000091552734,125.18859100341797,164.4600067138672,109.4045639038086,69.70904541015625,52.95399856567383,251.3599090576172
54.73643493652344,100.21800231933594,321930.0,60.42649841308594,126.56580352783203,162.44000244140625,110.59073638916016,71.77782440185547,62.13999938964844,254.25111389160156
55.22296905517578,98.56549835205078,322900.0,60.38199996948242,127.28153991699219,159.3300018310547,110.15070343017578,71.06344604492188,60.20399856567383,255.69662475585938
55.89495086669922,97.63800048828125,323878.0,60.576499938964844,125.9677963256836,162.42999267578125,110.16983795166016,71.12547302246094,58.959999084472656,255.95172119140625
54.91226577758789,95.47100067138672,327900.0,58.85350036621094,126.25772094726562,158.85000610351562,107.89315795898438,69.27991485595703,56.36600112915039,253.51412963867188
54.02110290527344,94.48249816894531,329500.0,58.39149856567383,126.0312271118164,157.3300018310547,107.2618179321289,66.94073486328125,52.38999938964844,254.34555053710938
53.89585876464844,93.22100067138672,333337.0,57.79600143432617,126.29399108886719,157.25,106.0373764038086,65.92617797851562,50.11199951171875,254.1660614013672
54.64250564575195,93.51599884033203,335630.0,57.25849914550781,126.12181854248047,157.89999389648438,107.38617706298828,65.86911010742188,52.560001373291016,255.20529174804688
52.11113357543945,87.76249694824219,319100.0,54.608001708984375,124.7899398803711,151.3800048828125,101.551025390625,60.9451789855957,51.375999450683594,248.56324768066406
51.65110778808594,85.96800231933594,308000.0,54.5369987487793,121.2654037475586,153.35000610351562,101.31185913085938,58.32569885253906,50.44599914550781,242.93211364746094
53.49604797363281,89.43049621582031,310000.0,56.027000427246094,121.29258728027344,153.74000549316406,104.81295776367188,61.156036376953125,51.75600051879883,245.28468322753906
52.35198974609375,88.04750061035156,308000.0,55.12200164794922,121.36506652832031,153.52000427246094,102.9284896850586,58.38771438598633,51.917999267578125,245.88943481445312
53.50566864013672,90.99800109863281,314750.0,56.65399932861328,123.72984313964844,158.77999877929688,106.1808853149414,60.97991180419922,55.31800079345703,257.5296325683594
53.27445983886719,91.58650207519531,315200.0,56.37950134277344,126.35738372802734,159.4199981689453,105.90347290039062,60.29279708862305,54.35599899291992,252.55035400390625
52.02924728393555,88.53600311279297,313200.0,54.89550018310547,126.39366149902344,154.9199981689453,103.78942108154297,59.41715621948242,52.78200149536133,252.08743286132812
52.82164764404297,88.20149993896484,314477.0,55.25899887084961,125.98592376708984,154.0500030517578,103.94248962402344,56.84728240966797,52.0,250.66070556640625
53.1443977355957,89.46499633789062,309080.0,55.56850051879883,125.65066528320312,154.77999877929688,104.87034606933594,57.35579299926758,52.189998626708984,247.72235107421875
53.64537048339844,88.43499755859375,305100.0,55.74549865722656,125.87716674804688,154.38999938964844,103.40679168701172,54.835533142089844,58.827999114990234,250.2449951171875
51.80524444580078,83.20999908447266,299995.0,52.85599899291992,124.55435180664062,146.0399932861328,97.87772369384766,49.465091705322266,57.70000076293945,242.17628479003906
52.939666748046875,89.1084976196289,302231.0,55.179500579833984,125.46041107177734,150.9499969482422,103.59811401367188,51.556217193603516,62.97200012207031,249.65919494628906
52.096683502197266,82.1405029296875,296805.0,54.1875,124.10132598876953,145.3699951171875,102.3162841796875,49.18726348876953,66.18000030517578,243.9336395263672
51.11882019042969,76.94400024414062,300000.0,51.73649978637695,124.62686157226562,142.08999633789062,99.34127807617188,46.04438018798828,66.97000122070312,242.36521911621094
51.374122619628906,76.52100372314453,305579.0,52.47549819946289,127.52617645263672,146.22000122070312,99.22649383544922,50.355613708496094,65.9800033569336,244.02804565429688
52.7132682800293,79.90049743652344,307705.0,54.52899932861328,126.83760070800781,151.7899932861328,102.17279052734375,52.297908782958984,67.46399688720703,246.9287109375
53.52253723144531,83.27649688720703,308366.0,54.29899978637695,127.58963012695312,151.75,101.32144165039062,54.103755950927734,68.85600280761719,246.5319366455078
49.97235107421875,83.27649688720703,308411.0,53.574501037597656,127.46277618408203,150.35000610351562,101.551025390625,53.31246566772461,69.28199768066406,246.60748291015625
48.55373001098633,81.38999938964844,323935.0,52.7864990234375,128.8399658203125,148.67999267578125,102.84239959716797,52.53108596801758,68.27999877929688,246.60748291015625
49.07877731323242,82.1405029296875,327050.0,53.47850036621094,129.17523193359375,149.94000244140625,103.04328918457031,52.354957580566406,68.21199798583984,248.99790954589844
50.567256927490234,87.77449798583984,331391.0,55.4119987487793,131.150390625,151.52999877929688,107.09918975830078,53.032161712646484,69.63200378417969,259.4758605957031
50.39081954956055,87.74549865722656,333200.0,54.73149871826172,131.648681640625,147.8699951171875,106.8983154296875,51.09730911254883,70.27999877929688,261.38446044921875
49.41922378540039,85.62149810791016,329665.0,53.85100173950195,131.6849365234375,144.9600067138672,104.81295776367188,51.0179328918457,70.10199737548828,261.2899475097656
46.92976760864258,81.84249877929688,323040.0,52.46799850463867,131.93865966796875,141.5500030517578,102.23018646240234,47.01676940917969,66.25599670410156,257.3501281738281
46.460880279541016,81.55850219726562,326700.0,52.39849853515625,131.0869598388672,142.16000366210938,102.2971420288086,49.44028854370117,67.74600219726562,254.3643798828125
45.148475646972656,79.95050048828125,323700.0,52.729000091552734,130.69737243652344,144.22000122070312,100.84648895263672,48.914405822753906,68.80000305175781,250.33950805664062
46.2626838684082,80.97200012207031,326300.0,53.5525016784668,130.9238739013672,143.85000610351562,103.06571960449219,50.204307556152344,69.68800354003906,250.32058715820312
46.775081634521484,79.67050170898438,328350.0,53.41350173950195,132.27386474609375,139.52999877929688,104.03604125976562,40.78804016113281,70.86199951171875,256.1501770019531
44.92128372192383,75.614501953125,326706.0,51.37099838256836,133.85040283203125,131.5500030517578,100.51022338867188,35.89388656616211,70.69400024414062,251.3693389892578
42.7750358581543,74.77300262451172,315970.0,51.522499084472656,132.690673828125,132.42999267578125,97.71452331542969,36.980369567871094,69.49800109863281,247.07040405273438
42.72669982910156,75.83650207519531,316301.0,52.17150115966797,128.64971923828125,134.82000732421875,99.05952453613281,35.896366119384766,67.63800048828125,246.1728515625
41.6414909362793,75.10299682617188,310340.0,51.505001068115234,128.86712646484375,131.72999572753906,99.0210952758789,35.968299865722656,65.16600036621094,247.18380737304688
42.20464324951172,79.06649780273438,316040.0,52.797000885009766,128.9036102294922,136.3800048828125,102.28755187988281,37.96514892578125,69.19999694824219,251.4732666015625
42.11280059814453,79.07099914550781,318696.0,52.61399841308594,130.59048461914062,135.0,102.93123626708984,38.13385009765625,68.78399658203125,256.1878967285156
43.732154846191406,83.88749694824219,325000.0,54.589500427246094,133.52651977539062,136.75999450683594,106.75486755371094,39.7065315246582,69.5739974975586,265.4471435546875
43.39619064331055,83.67849731445312,326481.0,54.729000091552734,132.9885711669922,138.67999267578125,105.86139678955078,39.07334899902344,68.23400115966797,266.95892333984375
43.16175842285156,84.50849914550781,326000.0,55.48249816894531,133.9459686279297,140.61000061035156,106.5339126586914,40.58055877685547,70.09600067138672,266.68402099609375
44.669925689697266,88.61799621582031,330921.0,55.81800079345703,133.31680297851562,141.08999633789062,107.68678283691406,42.22185134887695,71.697998046875,271.3947448730469
42.70494842529297,83.41999816894531,315000.0,53.12350082397461,133.15267944335938,137.92999267578125,104.25701141357422,39.011268615722656,71.94000244140625,264.02056884765625
42.22881317138672,84.95950317382812,312000.0,53.90399932861328,133.0432891845703,139.6300048828125,104.90069580078125,39.30426025390625,72.61199951171875,262.40924072265625
40.72305679321289,81.45649719238281,307674.0,52.32899856567383,132.60560607910156,137.4199981689453,100.70235443115234,36.65235900878906,71.59400177001953,255.1393280029297
40.99134063720703,82.05149841308594,304600.0,52.659000396728516,132.45057678222656,141.85000610351562,103.36353302001953,37.707664489746094,73.02999877929688,252.6274871826172
40.75688934326172,82.16200256347656,303226.0,53.08250045776367,133.5812225341797,142.0800018310547,104.32426452636719,36.79637908935547,73.35199737548828,253.28152465820312
40.87049102783203,83.177001953125,303600.0,53.686500549316406,134.1283416748047,144.5,104.79499816894531,36.97267532348633,73.31999969482422,256.52313232421875
41.317626953125,82.91899871826172,303750.0,53.676998138427734,134.80307006835938,145.00999450683594,105.15047454833984,36.97019958496094,75.35800170898438,257.9543762207031
39.99555587768555,79.59549713134766,300320.0,52.58549880981445,121.27171325683594,144.05999755859375,101.86482238769531,36.36432647705078,73.14199829101562,251.19631958007812
39.62335205078125,76.04550170898438,297000.0,51.282501220703125,117.75209045410156,140.19000244140625,98.84817504882812,35.65169143676758,69.68399810791016,244.6088409423828
40.138160705566406,77.5739974975586,294500.0,52.170501708984375,118.91921997070312,143.66000366210938,99.88574981689453,36.486000061035156,67.40599822998047,239.77484130859375
38.88618850708008,74.75399780273438,293040.0,51.77299880981445,116.35700225830078,133.24000549316406,99.61675262451172,34.39278793334961,66.59400177001953,237.2535858154297
37.904903411865234,73.04149627685547,290100.0,51.17900085449219,116.95881652832031,133.39999389648438,97.52237701416016,33.54606246948242,63.07600021362305,229.79408264160156
36.43056106567383,68.87249755859375,288000.0,49.5625,116.79469299316406,124.94999694824219,94.37122344970703,32.172935485839844,63.95399856567383,225.907958984375
35.48795700073242,67.197998046875,282640.0,49.23350143432617,112.00764465332031,124.05999755859375,90.43228912353516,31.554655075073242,59.077999114990234,220.78964233398438
37.98707580566406,73.54499816894531,294850.0,52.39250183105469,115.536376953125,134.17999267578125,96.60969543457031,33.04945373535156,65.21800231933594,230.65664672851562
37.74054718017578,73.08200073242188,298500.0,52.64500045776367,116.17465209960938,134.52000427246094,97.2053451538086,32.570220947265625,63.22600173950195,233.13998413085938
37.759883880615234,73.9010009765625,302600.0,52.33399963378906,116.0469970703125,133.1999969482422,96.44639587402344,33.18602752685547,66.77400207519531,233.39590454101562
38.12485122680664,75.09850311279297,306000.0,52.24800109863281,117.6700210571289,131.08999633789062,97.58002471923828,33.148780822753906,66.55999755859375,236.1256561279297
38.16835021972656,76.95649719238281,304057.0,52.73400115966797,116.48467254638672,135.67999267578125,97.14769744873047,33.82416915893555,62.02399826049805,230.78932189941406
34.36650085449219,75.01399993896484,287000.0,51.27349853515625,114.63367462158203,131.74000549316406,93.57384490966797,31.78061294555664,60.071998596191406,224.49571228027344
35.83357620239258,78.76950073242188,292500.0,53.903499603271484,116.5576171875,137.9499969482422,97.92588806152344,33.81671905517578,63.53799819946289,227.12120056152344
35.75381851196289,81.47550201416016,295400.0,53.79600143432617,115.8099136352539,138.0500030517578,98.05078125,35.606998443603516,66.99199676513672,227.5572052001953
36.435401916503906,82.8290023803711,294300.0,54.26850128173828,118.49978637695312,142.52999877929688,98.76171875,34.72054672241211,67.06999969482422,230.59976196289062
37.054141998291016,82.97100067138672,294560.0,54.08250045776367,117.56059265136719,144.22999572753906,100.1739501953125,35.40338897705078,67.70600128173828,230.93150329589844
37.17256164550781,82.81099700927734,295160.0,53.94150161743164,118.27182006835938,144.1999969482422,99.5302734375,36.0614013671875,68.99400329589844,232.0973358154297
36.8076057434082,82.02799987792969,293980.0,53.2234992980957,118.30829620361328,143.8000030517578,98.76171875,36.95529556274414,69.4520034790039,234.7513427734375
36.2541389465332,80.8604965209961,292371.0,52.57550048828125,116.96793365478516,145.38999938964844,98.04116821289062,37.35507583618164,66.87999725341797,235.1209716796875
36.99613952636719,83.72799682617188,295000.0,54.32550048828125,117.95269012451172,148.9499969482422,100.88489532470703,37.21352767944336,68.88600158691406,243.47140502929688
37.44810485839844,84.18900299072266,295811.0,54.47549819946289,116.74908447265625,147.5399932861328,101.24034118652344,36.95778274536133,69.20999908447266,247.82205200195312
37.67046356201172,84.66100311279297,297547.0,54.95600128173828,117.70650482177734,148.3000030517578,101.9512939453125,37.67289352416992,69.46199798583984,246.22012329101562
37.902488708496094,84.80999755859375,306500.0,55.3650016784668,119.16539764404297,150.0399932861328,103.47882080078125,38.96657180786133,60.45199966430664,251.65130615234375
37.05172348022461,81.6084976196289,300531.0,53.93149948120117,117.44207763671875,147.57000732421875,101.52857208251953,36.940399169921875,59.784000396728516,251.8313751220703
37.20157241821289,82.0009994506836,301835.0,54.22050094604492,117.44207763671875,144.3000030517578,102.51811981201172,37.069515228271484,57.518001556396484,253.09193420410156
36.906700134277344,82.74649810791016,301680.0,54.20000076293945,115.82816314697266,145.8300018310547,102.02814483642578,39.192527770996094,58.301998138427734,252.24842834472656
38.12968063354492,83.52850341796875,303531.0,55.07550048828125,116.92232513427734,149.00999450683594,102.96003723144531,39.76612091064453,59.40800094604492,254.06825256347656
37.77680587768555,81.89450073242188,301000.0,53.99300003051758,117.61531829833984,147.47000122070312,100.9521484375,34.26863479614258,59.2760009765625,252.85501098632812
37.385257720947266,79.69400024414062,303000.0,53.50299835205078,118.837158203125,144.19000244140625,98.8962173461914,32.676998138427734,59.492000579833984,253.39527893066406
39.93995666503906,83.52149963378906,309180.0,54.89950180053711,120.03162384033203,150.4199981689453,102.20106506347656,34.114688873291016,61.75400161743164,256.26727294921875
40.227577209472656,85.9365005493164,311500.0,56.294498443603516,121.34465789794922,166.69000244140625,100.32766723632812,35.693912506103516,61.40399932861328,256.1061706542969
40.246917724609375,81.3115005493164,313875.0,55.930999755859375,122.36587524414062,165.7100067138672,98.74250030517578,35.93724060058594,62.44200134277344,254.70335388183594
41.39012908935547,81.66549682617188,312000.0,57.07099914550781,121.16228485107422,169.25,101.58621215820312,37.042205810546875,62.577999114990234,254.21990966796875
42.098297119140625,82.94049835205078,310700.0,57.59349822998047,121.16228485107422,171.16000366210938,103.00807189941406,37.23339080810547,64.2699966430664,252.41900634765625
42.11280059814453,82.01300048828125,308810.0,56.144500732421875,121.27171325683594,170.49000549316406,101.86482238769531,37.99073028564453,63.444000244140625,255.44264221191406
41.31520462036133,80.71849822998047,302813.0,55.295501708984375,120.40547180175781,166.3800048828125,101.13467407226562,36.60517883300781,61.50199890136719,254.9687042236328
41.36375427246094,79.41100311279297,300771.0,55.11899948120117,120.724609375,167.3300018310547,101.51895904541016,36.79142379760742,61.15999984741211,248.23904418945312
41.12587356567383,79.55000305175781,304884.0,55.10599899291992,120.35989379882812,165.7899932861328,101.11547088623047,36.36432647705078,62.56800079345703,243.72735595703125
41.480262756347656,81.90049743652344,309260.0,56.37900161743164,122.32942199707031,165.0399932861328,102.6910400390625,37.53633117675781,62.36199951171875,249.75559997558594
41.30792999267578,82.0,308320.0,56.43149948120117,122.59381103515625,164.07000732421875,102.61418151855469,37.9609375,61.63399887084961,250.03994750976562
41.45841598510742,81.13249969482422,303890.0,56.459999084472656,122.46617889404297,163.9499969482422,102.70065307617188,38.37063980102539,60.75400161743164,251.49009704589844
41.366172790527344,80.39749908447266,308139.0,55.98149871826172,124.3536605834961,162.5,103.96879577636719,39.0683708190918,61.57600021362305,256.98760986328125
41.48997497558594,81.37899780273438,307315.0,56.32550048828125,123.72449493408203,162.2899932861328,103.9207534790039,38.89455795288086,61.12799835205078,256.3051452636719
41.7569694519043,81.1050033569336,309500.0,56.02949905395508,124.32630920410156,162.55999755859375,103.38044738769531,39.36882400512695,60.512001037597656,255.4521484375
41.52152633666992,80.97200012207031,307925.0,55.21049880981445,123.4782943725586,160.0399932861328,105.56095886230469,38.67853927612305,58.24599838256836,252.5043182373047
41.98514938354492,81.5780029296875,302000.0,55.827999114990234,124.55427551269531,161.88999938964844,107.06607055664062,39.52774429321289,58.94200134277344,253.17727661132812
42.290985107421875,81.6500015258789,303300.0,55.86650085449219,125.01317596435547,164.6199951171875,107.66426086425781,39.403594970703125,59.75400161743164,250.7982635498047
42.31525802612305,81.81999969482422,302500.0,56.10049819946289,124.9305648803711,164.1300048828125,108.40716552734375,39.0087890625,59.571998596191406,249.2627410888672
42.44633865356445,82.05449676513672,303000.0,56.144500732421875,124.71028137207031,162.80999755859375,108.22384643554688,38.58914566040039,62.948001861572266,237.03558349609375
42.02882766723633,81.99150085449219,302200.0,56.32749938964844,125.41700744628906,161.4499969482422,108.08879852294922,38.343074798583984,63.97600173950195,229.5856170654297
42.470603942871094,83.58650207519531,304860.0,57.42599868774414,126.98657989501953,162.27999877929688,108.5711898803711,38.887420654296875,58.95800018310547,233.3105926513672
42.684207916259766,84.80850219726562,303400.0,57.67100143432617,127.1059341430664,167.3699951171875,108.3106918334961,38.96944808959961,57.071998596191406,223.708984375
42.606536865234375,84.62149810791016,302600.0,58.45949935913086,127.3720932006836,171.25999450683594,107.77039337158203,38.90482711791992,55.30799865722656,228.83677673339844
42.36137771606445,83.44750213623047,301375.0,58.24700164794922,127.6657943725586,172.50999450683594,107.81863403320312,37.79375076293945,55.24800109863281,226.5998992919922
41.871063232421875,81.29750061035156,299050.0,57.54249954223633,126.88560485839844,169.1300048828125,106.5064697265625,37.100257873535156,55.31800079345703,224.35353088378906
41.970577239990234,81.04000091552734,299000.0,57.49850082397461,126.72039794921875,169.60000610351562,106.62226104736328,37.44327163696289,56.827999114990234,225.7711944580078
43.424537658691406,83.53099822998047,303279.0,58.9630012512207,127.17932891845703,172.07000732421875,108.86063385009766,40.05317687988281,58.183998107910156,231.34674072265625
43.91242599487305,83.65499877929688,304235.0,59.86249923706055,127.74842834472656,171.9199981689453,109.62284851074219,40.39619064331055,56.672000885009766,233.9442138671875
44.10660934448242,84.54049682617188,306300.0,59.952999114990234,127.95952606201172,173.3699951171875,110.47187042236328,41.912410736083984,57.79199981689453,240.0050048828125
44.596927642822266,84.31099700927734,305350.0,59.62649917602539,126.68372344970703,170.1699981689453,110.55872344970703,41.15181350708008,57.992000579833984,240.9754638671875
45.177059173583984,85.61799621582031,307250.0,59.51499938964844,126.29820251464844,165.97999572753906,111.83228302001953,42.20820236206055,55.08599853515625,239.1962127685547
45.63823699951172,87.10749816894531,309996.0,59.4275016784668,125.90350341796875,160.47000122070312,113.43389129638672,41.99444580078125,53.89799880981445,242.62149047851562
45.276573181152344,88.09249877929688,307900.0,60.12300109863281,127.0691909790039,161.57000732421875,113.51107788085938,43.67470932006836,53.49399948120117,244.64808654785156
45.67222595214844,89.8635025024414,305505.0,61.32149887084961,126.01368713378906,165.44000244140625,113.38563537597656,43.349090576171875,54.720001220703125,238.3399200439453
47.35434341430664,90.96299743652344,307120.0,61.80649948120117,126.7571029663086,166.0800018310547,115.99065399169922,45.720375061035156,54.80400085449219,239.7861785888672
46.373714447021484,88.2385025024414,301225.0,60.38249969482422,125.66485595703125,164.33999633789062,112.93218231201172,44.119632720947266,52.90599822998047,235.09547424316406
45.81301498413086,88.71299743652344,299380.0,59.86899948120117,125.38951873779297,166.2899932861328,113.52071380615234,43.19499588012695,52.08399963378906,234.87661743164062
45.33967208862305,89.18800354003906,300961.0,59.492000579833984,127.18852233886719,167.67999267578125,113.76192474365234,43.963043212890625,53.55400085449219,231.57508850097656
45.747467041015625,88.28500366210938,299764.0,58.9005012512207,127.30784606933594,165.8699951171875,112.6620101928711,43.8710823059082,54.965999603271484,229.97665405273438
45.80815887451172,88.6709976196289,301250.0,58.61349868774414,127.47306060791016,165.5500030517578,112.81639862060547,44.057498931884766,55.7239990234375,230.4713897705078
46.10671615600586,89.0374984741211,301215.0,58.84450149536133,128.30831909179688,166.69000244140625,113.79085540771484,44.63167190551758,55.97200012207031,235.25718688964844
46.41984176635742,90.70950317382812,307800.0,59.94900131225586,127.5648193359375,168.6999969482422,114.83287048339844,45.30776596069336,57.83599853515625,233.62069702148438
47.09462356567383,90.6989974975586,306000.0,60.277000427246094,126.39916229248047,174.1999969482422,114.99690246582031,45.486724853515625,57.17599868774414,232.54554748535156
47.417457580566406,91.03500366210938,305750.0,60.54050064086914,125.90350341796875,173.5399932861328,115.74945068359375,46.883644104003906,58.36199951171875,233.90614318847656
47.49998092651367,90.94300079345703,306461.0,60.97249984741211,124.4349365234375,176.02000427246094,115.1609115600586,46.79415512084961,53.555999755859375,235.3809051513672
47.81795883178711,91.86399841308594,307776.0,60.5724983215332,124.99483489990234,175.72000122070312,115.67224884033203,47.462791442871094,54.992000579833984,236.7034149169922
48.57042694091797,92.49299621582031,307461.0,60.41400146484375,124.95812225341797,174.92999267578125,115.71084594726562,47.671573638916016,54.63999938964844,236.67489624023438
48.42479705810547,91.79199981689453,307380.0,60.134498596191406,124.4349365234375,177.5800018310547,115.08370971679688,47.042720794677734,54.46200180053711,236.71292114257812
48.69664764404297,92.36650085449219,307000.0,60.3224983215332,124.44413757324219,177.82000732421875,115.96171569824219,47.748634338378906,55.21200180053711,234.0869140625
48.291290283203125,92.20349884033203,309875.0,60.47949981689453,124.10449981689453,177.50999450683594,116.09679412841797,47.609439849853516,53.683998107910156,223.99195861816406
48.27187728881836,92.15299987792969,314250.0,61.13650131225586,124.81124114990234,179.10000610351562,116.6949691772461,47.22913360595703,53.540000915527344,212.3842010498047
48.359256744384766,92.24349975585938,314500.0,61.326499938964844,125.30690002441406,179.64999389648438,116.79145812988281,45.90927505493164,53.2760009765625,219.025390625
48.36410903930664,93.1520004272461,317500.0,61.59550094604492,126.68372344970703,178.8699951171875,116.52131652832031,46.78173065185547,54.672000885009766,210.23391723632812
49.305904388427734,93.24099731445312,316040.0,62.00699996948242,127.14263916015625,178.77999877929688,117.48611450195312,46.55305862426758,54.24599838256836,206.3138885498047
49.483097076416016,93.08450317382812,315330.0,62.07350158691406,126.2247543334961,178.27999877929688,119.02983856201172,46.30698013305664,54.652000427246094,210.9855499267578
49.64572525024414,94.3655014038086,314100.0,62.6879997253418,126.50930786132812,181.44000244140625,119.40611267089844,46.846351623535156,52.54999923706055,216.08534240722656
50.36178207397461,96.1884994506836,317684.0,63.52949905395508,128.4092559814453,183.77999877929688,121.02700805664062,47.393192291259766,52.779998779296875,219.38690185546875
50.284114837646484,95.0875015258789,316000.0,63.002498626708984,127.76677703857422,182.5800018310547,120.61214447021484,47.51747131347656,51.731998443603516,219.1680908203125
49.82777404785156,95.11250305175781,318500.0,63.367000579833984,128.1798095703125,193.25999450683594,124.60648345947266,46.45860290527344,49.5260009765625,219.5867156982422
49.589900970458984,97.53150177001953,321000.0,63.87099838256836,128.8590545654297,191.49000549316406,125.32047271728516,44.26628494262695,47.02799987792969,225.49525451660156
49.66514205932617,96.92150115966797,324921.0,64.80999755859375,128.3542022705078,194.77999877929688,125.2047119140625,44.57450485229492,48.29399871826172,225.92344665527344
48.70878601074219,96.32599639892578,325080.0,59.948001861572266,129.6024932861328,193.39999389648438,126.0054931640625,44.98960876464844,47.737998962402344,221.75604248046875
51.099693298339844,95.57599639892578,325900.0,58.66600036621094,130.29087829589844,193.02999877929688,123.38116455078125,44.85786437988281,46.801998138427734,220.69041442871094
50.767147064208984,95.04100036621094,324214.0,58.32550048828125,129.6759490966797,192.52999877929688,121.76992797851562,45.53394317626953,48.81999969482422,221.16612243652344
51.398250579833984,98.12300109863281,327766.0,59.477500915527344,130.345947265625,195.47000122070312,124.36528778076172,45.48921203613281,51.00600051879883,220.69041442871094
50.60451889038086,97.52749633789062,320000.0,59.67300033569336,130.4193878173828,193.8800048828125,123.64166259765625,44.703758239746094,51.06800079345703,228.82534790039062
49.24037551879883,96.05000305175781,315120.0,58.94300079345703,128.47352600097656,189.77000427246094,121.10418701171875,43.0284538269043,49.4119987487793,226.49429321289062
49.25006866455078,95.88849639892578,314750.0,58.53900146484375,128.30831909179688,189.5399932861328,121.09455108642578,43.22978973388672,48.96799850463867,227.54087829589844
48.72092819213867,94.99349975585938,314400.0,58.39849853515625,127.33537292480469,188.64999389648438,121.08489990234375,42.30265808105469,48.395999908447266,226.41819763183594
48.04597091674805,94.4990005493164,315500.0,58.38199996948242,127.62909698486328,188.33999633789062,122.65755462646484,41.962127685546875,47.90399932861328,228.91099548339844
45.253562927246094,91.13400268554688,308360.0,56.829498291015625,125.93104553222656,181.5399932861328,119.01053619384766,39.384544372558594,45.402000427246094,227.92147827148438
45.969932556152344,92.00599670410156,306850.0,56.24300003051758,125.5822525024414,180.72999572753906,120.34200286865234,40.27687454223633,46.46200180053711,224.9529266357422
46.520626068115234,93.55750274658203,305580.0,58.540000915527344,125.66485595703125,186.27000427246094,122.03668975830078,39.66542053222656,46.38999938964844,224.61993408203125
46.315940856933594,95.37850189208984,307936.0,59.224998474121094,126.85810852050781,186.99000549316406,124.85470581054688,39.817047119140625,45.66600036621094,225.29547119140625
46.05278396606445,93.44999694824219,306355.0,58.43899917602539,127.22525024414062,185.3000030517578,124.02188873291016,38.907310485839844,42.20600128173828,229.6626739501953
44.61272048950195,92.94850158691406,305362.0,57.233001708984375,127.05082702636719,182.72000122070312,122.23035430908203,37.71918487548828,41.071998596191406,234.0489044189453
45.467987060546875,92.8759994506836,306225.0,57.72200012207031,126.77547454833984,184.82000732421875,122.88886260986328,38.54191589355469,41.01599884033203,237.80709838867188
44.53718185424805,92.98400115966797,304300.0,57.79249954223633,127.36290740966797,185.32000732421875,123.63452911376953,37.83103561401367,38.54600143432617,237.23622131347656
43.776954650878906,90.77400207519531,304115.0,57.266998291015625,128.30831909179688,180.8699951171875,122.19163513183594,36.61805725097656,39.097999572753906,234.5341033935547
43.608821868896484,91.16400146484375,303000.0,56.93050003051758,128.31756591796875,181.05999755859375,122.24972534179688,36.078678131103516,38.125999450683594,235.60923767089844
43.42850875854492,91.82150268554688,301050.0,56.97800064086914,126.67257690429688,184.30999755859375,122.17225646972656,35.62629699707031,37.7400016784668,230.3096466064453
43.22138977050781,90.95950317382812,299860.0,55.99700164794922,121.36797332763672,182.19000244140625,120.99081420898438,34.883094787597656,37.97200012207031,230.6331329345703
43.4455680847168,90.81600189208984,300877.0,56.070499420166016,122.08880615234375,183.00999450683594,121.75585174560547,34.61684036254883,37.64400100708008,231.6797637939453
42.65852737426758,88.75350189208984,297060.0,55.32500076293945,121.2016372680664,177.47000122070312,119.77064514160156,33.708553314208984,37.03200149536133,230.06224060058594
42.22723388671875,84.6344985961914,299742.0,51.9370002746582,121.46964263916016,164.14999389648438,116.05201721191406,33.290489196777344,35.79399871826172,225.07662963867188
43.77207946777344,86.47799682617188,304000.0,52.7244987487793,123.5859146118164,167.5,119.26708984375,35.5848388671875,38.720001220703125,229.07275390625
44.47871017456055,86.92500305175781,306400.0,52.231998443603516,124.18663024902344,168.1699981689453,121.85267639160156,35.15682601928711,39.31800079345703,230.98516845703125
45.13172912597656,87.71800231933594,307900.0,52.38800048828125,126.31214904785156,168.3300018310547,123.77978515625,35.7789421081543,41.189998626708984,230.081298828125
46.3330078125,90.20149993896484,309265.0,53.41849899291992,128.0403289794922,173.35000610351562,127.24662017822266,36.20695114135742,40.900001525878906,234.79100036621094
46.92510986328125,93.03150177001953,311524.0,54.13800048828125,128.4746551513672,174.82000732421875,128.40872192382812,36.93606948852539,42.57600021362305,236.09446716308594
47.46848678588867,93.18499755859375,310238.0,54.051998138427734,129.17703247070312,178.10000610351562,127.92451477050781,37.51339340209961,43.41999816894531,233.93466186523438
47.31741714477539,92.76599884033203,307196.0,53.95500183105469,130.93289184570312,175.0399932861328,127.33380889892578,36.38115310668945,41.85200119018555,232.63119506835938
47.30766296386719,93.51499938964844,307445.0,54.550498962402344,130.0364532470703,177.47000122070312,128.13755798339844,36.89376449584961,42.78200149536133,233.0688934326172
46.96409606933594,93.4834976196289,308206.0,54.314998626708984,129.46347045898438,181.3300018310547,128.26341247558594,35.992950439453125,42.98400115966797,234.4927978515625
47.24430847167969,94.30149841308594,305480.0,54.69449996948242,128.86279296875,189.00999450683594,128.6508026123047,36.089996337890625,45.00600051879883,235.06622314453125
48.35542297363281,95.06849670410156,308885.0,55.262001037597656,129.59286499023438,188.47000122070312,130.8877716064453,38.043434143066406,44.948001861572266,234.80819702148438
48.2140998840332,95.43949890136719,310966.0,55.22549819946289,129.79620361328125,187.47999572753906,131.40101623535156,38.10315704345703,45.2859992980957,239.09915161132812
48.60152816772461,95.90950012207031,312900.0,55.65999984741211,131.42271423339844,189.52999877929688,132.62118530273438,38.34702682495117,43.92399978637695,236.77687072753906
48.43584060668945,95.56500244140625,309000.0,56.26850128173828,131.311767578125,191.13999938964844,132.6405487060547,37.76471710205078,44.37200164794922,241.09649658203125
48.387107849121094,95.69499969482422,310650.0,55.834999084472656,132.20819091796875,192.60000610351562,133.4249725341797,37.98868942260742,44.72800064086914,238.5735321044922
47.65367889404297,93.91349792480469,312700.0,54.37900161743164,133.2987060546875,188.83999633789062,129.21246337890625,37.69505310058594,43.95199966430664,236.6812744140625
48.68437957763672,94.8915023803711,312705.0,54.01599884033203,131.08998107910156,187.66000366210938,129.6966552734375,39.63106155395508,43.854000091552734,232.67706298828125
48.66975402832031,95.21399688720703,318285.0,53.83150100708008,130.01795959472656,189.5,129.90968322753906,40.61897659301758,44.56800079345703,235.41981506347656
48.226280212402344,94.68150329589844,318350.0,54.13999938964844,128.7149200439453,193.0,129.7257080078125,40.86782455444336,44.69200134277344,233.19308471679688
